Team,First_Year,Last_Year,Num_Seasons,Games,Wins,Losses,Ties,Winning_Pct,Bowl_Games,Bowl_Wins,Bowl_Losses,Bowl_Ties,Bowl_Winning_Pct,SRS,SOS,Years_Ranked_In_AP,Conference_Championships,Notes
air-force,1957.0,2016.0,60.0,697.0,374.0,311.0,12.0,0.545,26.0,12.0,13.0,1.0,0.481,1.16,-0.51,6.0,3.0,
akron,1975.0,2016.0,31.0,357.0,139.0,215.0,3.0,0.394,2.0,1.0,1.0,0.0,0.5,-11.67,-7.37,0.0,1.0,
alabama,1902.0,2016.0,113.0,1235.0,892.0,301.0,42.0,0.739,66.0,38.0,25.0,3.0,0.598,13.27,4.12,54.0,26.0,record adjusted to 863-310-41 by NCAA
alameda-coast-guard,1943.0,1944.0,2.0,15.0,8.0,4.0,3.0,0.633,0.0,0.0,0.0,0.0,NA,-0.16,-5.13,0.0,0.0,
alcorn-state,1977.0,1977.0,1.0,11.0,3.0,8.0,0.0,0.273,0.0,0.0,0.0,0.0,NA,-17.1,-9.19,0.0,0.0,
amarillo-field,1944.0,1944.0,1.0,8.0,5.0,3.0,0.0,0.625,0.0,0.0,0.0,0.0,NA,5.1,-1.78,0.0,0.0,
amherst,1877.0,1906.0,25.0,239.0,108.0,110.0,21.0,0.496,0.0,0.0,0.0,0.0,NA,-1.2,-0.2,0.0,0.0,
appalachian-state,1972.0,2016.0,13.0,148.0,77.0,66.0,5.0,0.537,2.0,2.0,0.0,0.0,1.0,-4.33,-7.07,0.0,0.0,
arizona,1931.0,2016.0,83.0,906.0,474.0,409.0,23.0,0.536,19.0,9.0,9.0,1.0,0.5,1.73,0.61,8.0,6.0,
arizona-state,1931.0,2016.0,83.0,911.0,554.0,339.0,18.0,0.618,29.0,14.0,14.0,1.0,0.5,3.52,-1.43,17.0,17.0,
arkansas,1906.0,2016.0,111.0,1175.0,675.0,463.0,37.0,0.59,42.0,15.0,24.0,3.0,0.393,6.77,2.97,28.0,14.0,record adjusted to 676-462-37 by NCAA
arkansas-state,1974.0,2016.0,35.0,406.0,178.0,226.0,2.0,0.441,7.0,3.0,4.0,0.0,0.429,-9.73,-6.97,0.0,6.0,record adjusted to 168-226-2 by NCAA
army,1891.0,2016.0,123.0,1214.0,657.0,506.0,51.0,0.562,6.0,4.0,2.0,0.0,0.667,3.37,-0.12,14.0,0.0,
auburn,1902.0,2016.0,114.0,1188.0,723.0,422.0,43.0,0.627,41.0,23.0,16.0,2.0,0.585,8.69,4.38,38.0,8.0,record adjusted to 726-420-42 by NCAA
ball-state,1975.0,2016.0,42.0,483.0,240.0,239.0,4.0,0.501,7.0,0.0,7.0,0.0,0.0,-8.32,-7.83,0.0,5.0,
bates,1901.0,1905.0,3.0,21.0,10.0,8.0,3.0,0.548,0.0,0.0,0.0,0.0,NA,-1.85,-2.2,0.0,0.0,
baylor,1903.0,2016.0,111.0,1165.0,576.0,548.0,41.0,0.512,23.0,12.0,11.0,0.0,0.522,2.71,2.6,14.0,8.0,record adjusted to 576-548-40 by NCAA
beloit,1894.0,1905.0,9.0,85.0,39.0,36.0,10.0,0.518,0.0,0.0,0.0,0.0,NA,-1.63,-1.71,0.0,0.0,
birmingham-southern,1920.0,1924.0,4.0,36.0,16.0,17.0,3.0,0.486,0.0,0.0,0.0,0.0,NA,-5.29,-4.68,0.0,0.0,
boise-state,1996.0,2016.0,21.0,268.0,208.0,60.0,0.0,0.776,17.0,11.0,6.0,0.0,0.647,5.72,-4.9,10.0,12.0,
boston-college,1901.0,2016.0,82.0,879.0,486.0,379.0,14.0,0.561,25.0,14.0,11.0,0.0,0.56,1.89,-0.14,14.0,1.0,
boston-university,1923.0,1964.0,20.0,170.0,73.0,90.0,7.0,0.45,0.0,0.0,0.0,0.0,NA,-6.91,-4.99,1.0,0.0,
bowdoin,1896.0,1905.0,7.0,66.0,33.0,30.0,3.0,0.523,0.0,0.0,0.0,0.0,NA,-3.11,-2.87,0.0,0.0,
bowling-green-state,1962.0,2016.0,55.0,618.0,347.0,260.0,11.0,0.57,12.0,5.0,7.0,0.0,0.417,-4.52,-6.92,1.0,9.0,
bradley,1949.0,1951.0,3.0,29.0,14.0,15.0,0.0,0.483,0.0,0.0,0.0,0.0,NA,-12.91,-12.75,0.0,0.0,
brigham-young,1922.0,2016.0,92.0,996.0,564.0,406.0,26.0,0.579,35.0,14.0,20.0,1.0,0.414,-0.99,-3.24,17.0,23.0,
brown,1878.0,1981.0,93.0,858.0,431.0,392.0,35.0,0.523,1.0,0.0,1.0,0.0,0.0,-2.92,-3.57,0.0,1.0,
bucknell,1888.0,1946.0,40.0,357.0,168.0,157.0,32.0,0.515,1.0,1.0,0.0,0.0,1.0,-3.0,-2.93,0.0,0.0,
buffalo,1962.0,2016.0,27.0,300.0,105.0,191.0,4.0,0.357,2.0,0.0,2.0,0.0,0.0,-12.3,-7.65,0.0,1.0,
butler,1932.0,1933.0,2.0,15.0,4.0,10.0,1.0,0.3,0.0,0.0,0.0,0.0,NA,-16.48,-10.26,0.0,0.0,
cal-state-fullerton,1975.0,1992.0,18.0,205.0,76.0,127.0,2.0,0.376,1.0,0.0,1.0,0.0,0.0,-12.72,-7.22,0.0,2.0,record adjusted to 77-126-2 by NCAA
cal-state-los-angeles,1969.0,1971.0,3.0,29.0,3.0,26.0,0.0,0.103,0.0,0.0,0.0,0.0,NA,-27.59,-9.75,0.0,0.0,
california,1916.0,2016.0,101.0,1090.0,559.0,500.0,31.0,0.527,22.0,11.0,10.0,1.0,0.523,5.62,4.23,14.0,13.0,record adjusted to 556-499-31 by NCAA
california-santa-barbara,1969.0,1971.0,3.0,32.0,11.0,21.0,0.0,0.344,0.0,0.0,0.0,0.0,NA,-13.35,-7.22,0.0,0.0,
camp-grant,1943.0,1943.0,1.0,10.0,2.0,6.0,2.0,0.3,0.0,0.0,0.0,0.0,NA,8.98,14.38,0.0,0.0,
carlisle,1896.0,1917.0,21.0,252.0,165.0,77.0,10.0,0.675,0.0,0.0,0.0,0.0,NA,8.12,0.81,0.0,0.0,
carnegie-mellon,1910.0,1940.0,20.0,172.0,84.0,75.0,13.0,0.526,1.0,0.0,1.0,0.0,0.0,3.99,1.51,1.0,0.0,
centenary-la,1930.0,1941.0,12.0,131.0,69.0,48.0,14.0,0.58,1.0,0.0,0.0,1.0,0.5,0.22,-1.79,0.0,0.0,
central-michigan,1975.0,2016.0,42.0,486.0,264.0,211.0,11.0,0.555,10.0,3.0,7.0,0.0,0.3,-6.8,-8.44,1.0,7.0,
centre,1919.0,1935.0,8.0,74.0,51.0,20.0,3.0,0.709,3.0,2.0,1.0,0.0,0.667,9.14,-0.02,0.0,0.0,
charlotte,2015.0,2016.0,2.0,24.0,6.0,18.0,0.0,0.25,NA,NA,NA,0.0,NA,-16.02,-6.39,0.0,0.0,
chattanooga,1909.0,1981.0,22.0,218.0,105.0,100.0,13.0,0.511,0.0,0.0,0.0,0.0,NA,-5.92,-6.18,0.0,3.0,
chicago,1892.0,1939.0,48.0,466.0,287.0,147.0,32.0,0.65,0.0,0.0,0.0,0.0,NA,7.22,2.86,0.0,7.0,
cincinnati,1954.0,2016.0,63.0,703.0,337.0,354.0,12.0,0.488,14.0,6.0,8.0,0.0,0.429,-3.1,-2.49,4.0,8.0,
citadel,1909.0,1981.0,65.0,609.0,284.0,304.0,21.0,0.484,1.0,1.0,0.0,0.0,1.0,-7.47,-6.72,0.0,1.0,
clemson,1902.0,2016.0,115.0,1191.0,697.0,450.0,44.0,0.604,41.0,22.0,19.0,0.0,0.537,5.06,1.6,30.0,18.0,
coast-guard,1944.0,1945.0,2.0,17.0,6.0,10.0,1.0,0.382,0.0,0.0,0.0,0.0,NA,-4.68,-1.1,0.0,0.0,
coe,1905.0,1905.0,1.0,9.0,1.0,7.0,1.0,0.167,0.0,0.0,0.0,0.0,NA,-18.57,-4.35,0.0,0.0,
colby,1904.0,1904.0,1.0,7.0,2.0,4.0,1.0,0.357,0.0,0.0,0.0,0.0,NA,-8.02,-1.16,0.0,0.0,
colgate,1905.0,1981.0,76.0,670.0,363.0,266.0,41.0,0.572,0.0,0.0,0.0,0.0,NA,-0.87,-4.01,0.0,0.0,
colorado,1902.0,2016.0,115.0,1144.0,642.0,467.0,35.0,0.576,29.0,12.0,17.0,0.0,0.414,4.26,1.34,19.0,19.0,
colorado-college,1902.0,1945.0,39.0,296.0,169.0,109.0,18.0,0.601,0.0,0.0,0.0,0.0,NA,-1.35,-4.95,1.0,2.0,
colorado-mines,1902.0,1937.0,36.0,239.0,98.0,128.0,13.0,0.437,0.0,0.0,0.0,0.0,NA,-6.63,-4.64,0.0,3.0,
colorado-state,1902.0,2016.0,109.0,1077.0,505.0,541.0,31.0,0.483,16.0,6.0,10.0,0.0,0.375,-3.74,-2.95,3.0,15.0,record adjusted to 506-540-31 by NCAA
columbia,1870.0,1981.0,84.0,699.0,282.0,382.0,35.0,0.428,1.0,1.0,0.0,0.0,1.0,-4.59,-1.7,2.0,1.0,
connecticut,1979.0,2016.0,18.0,217.0,97.0,118.0,2.0,0.452,6.0,3.0,3.0,0.0,0.5,-4.32,-2.8,0.0,2.0,
cornell,1888.0,1981.0,93.0,837.0,488.0,317.0,32.0,0.602,0.0,0.0,0.0,0.0,NA,2.17,-2.21,5.0,1.0,
cornell-college,1903.0,1903.0,1.0,9.0,1.0,8.0,0.0,0.111,0.0,0.0,0.0,0.0,NA,-14.48,-2.14,0.0,0.0,
creighton,1927.0,1942.0,16.0,139.0,61.0,70.0,8.0,0.468,0.0,0.0,0.0,0.0,NA,-6.26,-5.08,0.0,1.0,
cumberland,1903.0,1905.0,2.0,13.0,7.0,5.0,1.0,0.577,0.0,0.0,0.0,0.0,NA,5.07,-0.79,0.0,0.0,
dartmouth,1881.0,1981.0,93.0,795.0,502.0,258.0,35.0,0.653,0.0,0.0,0.0,0.0,NA,3.47,-2.84,5.0,12.0,
davidson,1902.0,1973.0,66.0,600.0,248.0,312.0,40.0,0.447,1.0,0.0,1.0,0.0,0.0,-7.33,-5.96,0.0,1.0,
dayton,1956.0,1976.0,21.0,216.0,78.0,130.0,8.0,0.38,0.0,0.0,0.0,0.0,NA,-13.09,-8.45,0.0,0.0,
del-monte-pre-flight,1943.0,1943.0,1.0,8.0,7.0,1.0,0.0,0.875,0.0,0.0,0.0,0.0,NA,12.87,-6.25,1.0,0.0,
denver,1902.0,1960.0,59.0,520.0,259.0,228.0,33.0,0.53,2.0,0.0,2.0,0.0,0.0,-4.12,-4.91,0.0,6.0,
detroit-mercy,1927.0,1964.0,36.0,338.0,196.0,132.0,10.0,0.595,0.0,0.0,0.0,0.0,NA,0.21,-4.24,0.0,3.0,
dickinson,1889.0,1910.0,18.0,173.0,84.0,79.0,10.0,0.514,0.0,0.0,0.0,0.0,NA,-3.35,-3.71,0.0,0.0,
drake,1900.0,1985.0,73.0,666.0,316.0,326.0,24.0,0.492,3.0,2.0,1.0,0.0,0.667,-5.64,-5.74,0.0,7.0,
drury,1907.0,1907.0,1.0,5.0,1.0,4.0,0.0,0.2,0.0,0.0,0.0,0.0,NA,-13.17,-3.97,0.0,0.0,
duke,1922.0,2016.0,95.0,1006.0,475.0,503.0,28.0,0.486,12.0,4.0,8.0,0.0,0.333,2.75,2.81,17.0,17.0,
duquesne,1933.0,1950.0,14.0,132.0,80.0,49.0,3.0,0.617,1.0,1.0,0.0,0.0,1.0,1.04,-2.38,3.0,0.0,
east-carolina,1965.0,2016.0,52.0,595.0,314.0,278.0,3.0,0.53,16.0,7.0,9.0,0.0,0.438,-2.26,-2.87,2.0,6.0,record adjusted to 315-277-3 by NCAA
east-tennessee-state,1979.0,1981.0,3.0,33.0,15.0,18.0,0.0,0.455,0.0,0.0,0.0,0.0,NA,-9.46,-8.43,0.0,0.0,
eastern-michigan,1975.0,2016.0,42.0,473.0,141.0,325.0,7.0,0.305,2.0,1.0,1.0,0.0,0.5,-15.63,-7.84,0.0,1.0,
erskine,1919.0,1936.0,5.0,39.0,12.0,27.0,0.0,0.308,0.0,0.0,0.0,0.0,NA,-13.04,-5.98,0.0,0.0,
florida,1904.0,2016.0,105.0,1124.0,683.0,404.0,37.0,0.624,43.0,22.0,21.0,0.0,0.512,8.58,4.21,31.0,9.0,
florida-am,2004.0,2004.0,1.0,11.0,3.0,8.0,0.0,0.273,0.0,0.0,0.0,0.0,NA,-21.65,-12.38,0.0,0.0,
florida-atlantic,2004.0,2016.0,13.0,157.0,59.0,98.0,0.0,0.376,2.0,2.0,0.0,0.0,1.0,-10.74,-5.12,0.0,1.0,
florida-international,2004.0,2016.0,13.0,155.0,49.0,106.0,0.0,0.316,2.0,1.0,1.0,0.0,0.5,-12.35,-6.13,0.0,1.0,
florida-state,1954.0,2016.0,63.0,746.0,507.0,223.0,16.0,0.69,45.0,27.0,16.0,2.0,0.622,11.58,3.99,33.0,15.0,record adjusted to 496-222-16 by NCAA
fordham,1909.0,1954.0,25.0,213.0,126.0,70.0,17.0,0.631,2.0,1.0,1.0,0.0,0.5,3.6,-1.08,6.0,0.0,
fort-benning,1922.0,1922.0,1.0,10.0,5.0,5.0,0.0,0.5,0.0,0.0,0.0,0.0,NA,-6.13,-4.03,0.0,0.0,
fort-riley,1943.0,1943.0,1.0,9.0,6.0,2.0,1.0,0.722,0.0,0.0,0.0,0.0,NA,10.37,1.81,0.0,0.0,
fort-warren,1944.0,1944.0,1.0,10.0,5.0,4.0,1.0,0.55,0.0,0.0,0.0,0.0,NA,-4.13,-3.83,0.0,0.0,
franklin-marshall,1889.0,1904.0,7.0,62.0,24.0,31.0,7.0,0.444,0.0,0.0,0.0,0.0,NA,-6.68,-3.65,0.0,0.0,
fresno-state,1969.0,2016.0,48.0,577.0,328.0,245.0,4.0,0.572,21.0,9.0,12.0,0.0,0.429,-2.2,-5.42,2.0,11.0,record adjusted to 329-244-4 by NCAA
furman,1902.0,1981.0,61.0,605.0,297.0,280.0,28.0,0.514,0.0,0.0,0.0,0.0,NA,-6.16,-6.16,0.0,3.0,
george-washington,1908.0,1966.0,33.0,299.0,138.0,147.0,14.0,0.485,1.0,1.0,0.0,0.0,1.0,-4.59,-4.24,1.0,0.0,
georgetown,1902.0,1950.0,36.0,313.0,184.0,110.0,19.0,0.618,2.0,0.0,2.0,0.0,0.0,2.75,-2.44,1.0,0.0,
georgia,1902.0,2016.0,113.0,1214.0,769.0,395.0,50.0,0.654,52.0,30.0,19.0,3.0,0.606,9.87,4.68,35.0,12.0,
georgia-pre-flight,1942.0,1943.0,2.0,15.0,12.0,2.0,1.0,0.833,0.0,0.0,0.0,0.0,NA,11.14,2.27,0.0,0.0,
georgia-southern,2014.0,2016.0,3.0,37.0,23.0,14.0,0.0,0.622,1.0,1.0,0.0,0.0,1.0,0.92,-5.34,0.0,1.0,
georgia-state,2013.0,2016.0,4.0,49.0,10.0,39.0,0.0,0.204,1.0,0.0,1.0,0.0,0.0,-14.4,-4.91,0.0,0.0,
georgia-tech,1902.0,2016.0,115.0,1226.0,717.0,469.0,40.0,0.601,44.0,25.0,19.0,0.0,0.568,8.79,4.57,25.0,8.0,record adjusted to 716-469-40 by NCAA
gonzaga,1922.0,1941.0,16.0,141.0,67.0,63.0,11.0,0.514,1.0,0.0,1.0,0.0,0.0,-2.55,-4.15,0.0,0.0,
grambling-state,1977.0,1977.0,1.0,11.0,10.0,1.0,0.0,0.909,0.0,0.0,0.0,0.0,NA,6.73,-10.0,0.0,1.0,
great-lakes-navy,1918.0,1945.0,5.0,55.0,39.0,11.0,5.0,0.755,1.0,1.0,0.0,0.0,1.0,16.37,6.95,2.0,0.0,
grinnell,1899.0,1936.0,26.0,218.0,90.0,110.0,18.0,0.454,0.0,0.0,0.0,0.0,NA,-6.97,-4.74,0.0,0.0,
hamilton,1907.0,1907.0,1.0,5.0,1.0,4.0,0.0,0.2,0.0,0.0,0.0,0.0,NA,-10.59,3.81,0.0,0.0,
hampden-sydney,1922.0,1940.0,5.0,44.0,14.0,29.0,1.0,0.33,0.0,0.0,0.0,0.0,NA,-12.35,-6.01,0.0,0.0,
hardin-simmons,1939.0,1962.0,21.0,218.0,113.0,96.0,9.0,0.539,6.0,4.0,2.0,0.0,0.667,-5.41,-6.96,1.0,3.0,
harvard,1875.0,1981.0,103.0,932.0,631.0,259.0,42.0,0.7,1.0,1.0,0.0,0.0,1.0,4.2,-2.12,0.0,5.0,
haskell,1902.0,1916.0,12.0,110.0,57.0,49.0,4.0,0.536,0.0,0.0,0.0,0.0,NA,-1.95,-2.36,0.0,0.0,
haverford,1891.0,1891.0,1.0,6.0,0.0,6.0,0.0,0.0,0.0,0.0,0.0,0.0,NA,-23.89,-1.73,0.0,0.0,
hawaii,1971.0,2016.0,44.0,537.0,271.0,260.0,6.0,0.51,11.0,6.0,5.0,0.0,0.545,-3.27,-3.22,2.0,4.0,
holy-cross,1899.0,1981.0,53.0,524.0,264.0,233.0,27.0,0.53,1.0,0.0,1.0,0.0,0.0,-3.0,-4.37,5.0,0.0,
houston,1949.0,2016.0,68.0,765.0,414.0,336.0,15.0,0.551,25.0,11.0,13.0,1.0,0.46,3.26,1.24,14.0,11.0,record adjusted to 414-336-14 by NCAA
idaho,1917.0,2016.0,74.0,726.0,257.0,453.0,16.0,0.365,3.0,3.0,0.0,0.0,1.0,-8.48,-3.55,0.0,1.0,
idaho-state,1944.0,1944.0,1.0,9.0,4.0,5.0,0.0,0.444,0.0,0.0,0.0,0.0,NA,-11.65,-7.09,0.0,0.0,
illinois,1892.0,2016.0,125.0,1213.0,590.0,574.0,49.0,0.507,18.0,8.0,10.0,0.0,0.444,6.28,5.31,13.0,15.0,
illinois-state,1975.0,1985.0,11.0,119.0,41.0,73.0,5.0,0.366,0.0,0.0,0.0,0.0,NA,-15.36,-11.09,0.0,0.0,
indiana,1899.0,2016.0,118.0,1129.0,449.0,642.0,38.0,0.415,11.0,3.0,8.0,0.0,0.273,1.93,4.53,5.0,2.0,record adjusted to 450-641-38 by NCAA
indiana-state,1975.0,1985.0,11.0,120.0,60.0,59.0,1.0,0.504,0.0,0.0,0.0,0.0,NA,-10.06,-9.71,0.0,0.0,
iowa,1899.0,2016.0,118.0,1157.0,602.0,521.0,34.0,0.535,30.0,14.0,15.0,1.0,0.483,6.54,5.16,22.0,11.0,record adjusted to 603-520-34 by NCAA
iowa-pre-flight,1942.0,1944.0,3.0,31.0,26.0,5.0,0.0,0.839,0.0,0.0,0.0,0.0,NA,18.05,5.72,2.0,0.0,
iowa-state,1895.0,2016.0,119.0,1172.0,495.0,632.0,45.0,0.442,12.0,3.0,9.0,0.0,0.25,-0.21,1.27,2.0,2.0,record adjusted to 496-631-45 by NCAA
jackson-state,1977.0,1977.0,1.0,11.0,8.0,3.0,0.0,0.727,0.0,0.0,0.0,0.0,NA,-1.31,-10.4,0.0,0.0,
jacksonville-naval-air-station,1942.0,1942.0,1.0,12.0,9.0,3.0,0.0,0.75,0.0,0.0,0.0,0.0,NA,6.46,-3.13,0.0,0.0,
kansas,1901.0,2016.0,116.0,1174.0,523.0,597.0,54.0,0.468,12.0,6.0,6.0,0.0,0.5,1.23,2.36,7.0,5.0,
kansas-state,1912.0,2016.0,105.0,1081.0,458.0,588.0,35.0,0.44,20.0,8.0,12.0,0.0,0.4,-0.57,1.88,13.0,3.0,record adjusted to 459-588-34 by NCAA
kent-state,1962.0,2016.0,55.0,609.0,199.0,405.0,5.0,0.331,2.0,0.0,2.0,0.0,0.0,-12.83,-7.06,0.0,1.0,
kentucky,1915.0,2016.0,101.0,1053.0,474.0,543.0,36.0,0.467,16.0,8.0,8.0,0.0,0.5,3.71,4.02,8.0,2.0,record adjusted to 475-542-36 by NCAA
knox,1899.0,1905.0,5.0,52.0,27.0,23.0,2.0,0.538,0.0,0.0,0.0,0.0,NA,-1.9,-3.67,0.0,0.0,
lafayette,1882.0,1946.0,47.0,440.0,256.0,160.0,24.0,0.609,0.0,0.0,0.0,0.0,NA,1.01,-2.59,0.0,0.0,
lake-forest,1893.0,1899.0,5.0,47.0,17.0,24.0,6.0,0.426,0.0,0.0,0.0,0.0,NA,-7.97,-3.29,0.0,0.0,
lamar,1973.0,1981.0,9.0,97.0,33.0,60.0,4.0,0.361,0.0,0.0,0.0,0.0,NA,-12.77,-7.68,0.0,0.0,
lawrence,1905.0,1905.0,1.0,10.0,7.0,3.0,0.0,0.7,0.0,0.0,0.0,0.0,NA,3.09,-1.91,0.0,0.0,
lehigh,1884.0,1965.0,43.0,412.0,195.0,197.0,20.0,0.498,0.0,0.0,0.0,0.0,NA,-3.05,-2.51,0.0,0.0,
lombard,1903.0,1903.0,1.0,8.0,5.0,3.0,0.0,0.625,0.0,0.0,0.0,0.0,NA,-2.35,-2.72,0.0,0.0,
long-beach-state,1969.0,1991.0,23.0,257.0,129.0,126.0,2.0,0.506,1.0,0.0,0.0,1.0,0.5,-7.67,-7.16,0.0,3.0,record adjusted to 130-125-2 by NCAA
louisiana-tech,1975.0,2016.0,36.0,421.0,214.0,200.0,7.0,0.517,9.0,5.0,3.0,1.0,0.611,-3.92,-4.57,0.0,4.0,record adjusted to 215-199-7 by NCAA
louisiana-lafayette,1973.0,2016.0,44.0,501.0,214.0,282.0,5.0,0.432,5.0,4.0,1.0,0.0,0.8,-9.58,-6.16,0.0,5.0,record adjusted to 215-281-5 by NCAA
louisiana-monroe,1975.0,2016.0,30.0,346.0,124.0,220.0,2.0,0.361,1.0,0.0,1.0,0.0,0.0,-11.78,-5.86,0.0,1.0,
louisville,1962.0,2016.0,55.0,629.0,339.0,283.0,7.0,0.545,20.0,9.0,10.0,1.0,0.475,-1.01,-2.32,11.0,8.0,record adjusted to 341-281-7 by NCAA
loyola-la,1934.0,1936.0,3.0,28.0,10.0,17.0,1.0,0.375,0.0,0.0,0.0,0.0,NA,-6.61,-3.13,0.0,0.0,
loyola-marymount,1933.0,1951.0,13.0,127.0,66.0,57.0,4.0,0.535,0.0,0.0,0.0,0.0,NA,-2.09,-4.02,0.0,0.0,
louisiana-state,1902.0,2016.0,112.0,1190.0,748.0,395.0,47.0,0.648,48.0,25.0,22.0,1.0,0.531,9.75,4.41,39.0,11.0,record adjusted to 750-393-47 by NCAA
lubbock-field,1944.0,1944.0,1.0,9.0,5.0,4.0,0.0,0.556,0.0,0.0,0.0,0.0,NA,-1.45,-3.01,0.0,0.0,
maine,1904.0,1905.0,2.0,16.0,8.0,7.0,1.0,0.531,0.0,0.0,0.0,0.0,NA,-1.9,-2.21,0.0,0.0,
manhattan,1936.0,1942.0,7.0,63.0,30.0,31.0,2.0,0.492,0.0,0.0,0.0,0.0,NA,-0.84,0.07,0.0,0.0,
march-field,1943.0,1944.0,2.0,21.0,16.0,3.0,2.0,0.81,0.0,0.0,0.0,0.0,NA,5.33,-5.69,2.0,0.0,
mare-island-marines,1917.0,1918.0,2.0,19.0,18.0,1.0,0.0,0.947,2.0,1.0,1.0,0.0,0.5,13.72,-5.57,0.0,0.0,
marquette,1927.0,1960.0,34.0,306.0,131.0,160.0,15.0,0.453,1.0,0.0,1.0,0.0,0.0,-0.76,0.34,1.0,0.0,
marshall,1962.0,2016.0,40.0,460.0,207.0,250.0,3.0,0.453,12.0,10.0,2.0,0.0,0.833,-9.21,-6.28,3.0,6.0,
maryland,1917.0,2016.0,100.0,1068.0,548.0,491.0,30.0,0.527,27.0,11.0,14.0,2.0,0.444,2.45,1.61,18.0,11.0,
maryville-tn,1906.0,1907.0,2.0,13.0,3.0,8.0,2.0,0.308,0.0,0.0,0.0,0.0,NA,-9.89,0.71,0.0,0.0,
massachusetts,1882.0,2016.0,19.0,176.0,57.0,113.0,6.0,0.341,0.0,0.0,0.0,0.0,NA,-9.03,-3.74,0.0,0.0,
mcneese-state,1975.0,1981.0,7.0,80.0,57.0,21.0,2.0,0.725,3.0,1.0,2.0,0.0,0.333,-1.17,-7.87,0.0,3.0,
memphis,1960.0,2016.0,57.0,633.0,296.0,329.0,8.0,0.474,9.0,4.0,5.0,0.0,0.444,-1.51,-1.58,1.0,4.0,record adjusted to 297-328-8 by NCAA
mercer,1909.0,1936.0,15.0,138.0,56.0,73.0,9.0,0.438,0.0,0.0,0.0,0.0,NA,-3.92,-2.03,0.0,0.0,
merchant-marine,1945.0,1947.0,3.0,30.0,11.0,19.0,0.0,0.367,0.0,0.0,0.0,0.0,NA,-13.91,-8.35,0.0,0.0,
miami-fl,1936.0,2016.0,80.0,892.0,564.0,316.0,12.0,0.639,37.0,19.0,18.0,0.0,0.514,8.94,3.68,31.0,9.0,
miami-oh,1962.0,2016.0,55.0,619.0,339.0,265.0,15.0,0.56,9.0,5.0,4.0,0.0,0.556,-4.05,-6.34,4.0,9.0,record adjusted to 340-264-15 by NCAA
michigan,1881.0,2016.0,127.0,1270.0,909.0,326.0,35.0,0.73,45.0,21.0,24.0,0.0,0.467,13.72,5.02,59.0,42.0,
michigan-state,1918.0,2016.0,92.0,959.0,561.0,368.0,30.0,0.601,26.0,11.0,15.0,0.0,0.423,9.25,4.77,26.0,9.0,record adjusted to 556-373-30 by NCAA
middle-tennessee-state,1999.0,2016.0,18.0,217.0,106.0,111.0,0.0,0.488,6.0,1.0,5.0,0.0,0.167,-6.88,-6.24,0.0,2.0,
millsaps,1924.0,1924.0,1.0,9.0,3.0,5.0,1.0,0.389,0.0,0.0,0.0,0.0,NA,-10.12,-7.78,0.0,0.0,
minnesota,1892.0,2016.0,125.0,1209.0,667.0,500.0,42.0,0.569,19.0,7.0,12.0,0.0,0.368,8.32,4.95,14.0,18.0,
mississippi-college,1911.0,1924.0,10.0,81.0,38.0,37.0,6.0,0.506,0.0,0.0,0.0,0.0,NA,-3.35,-2.44,0.0,0.0,
mississippi-state,1902.0,2016.0,112.0,1131.0,555.0,539.0,37.0,0.507,20.0,12.0,8.0,0.0,0.6,3.19,2.89,13.0,1.0,record adjusted to 538-557-36 by NCAA
mississippi-valley-state,1977.0,1977.0,1.0,10.0,5.0,5.0,0.0,0.5,0.0,0.0,0.0,0.0,NA,-11.39,-10.79,0.0,0.0,
missouri,1901.0,2016.0,115.0,1184.0,614.0,520.0,50.0,0.54,31.0,15.0,16.0,0.0,0.484,4.73,3.15,19.0,12.0,record adjusted to 616-518-50 by NCAA
mit,1882.0,1899.0,12.0,77.0,27.0,48.0,2.0,0.364,0.0,0.0,0.0,0.0,NA,-5.2,0.64,0.0,0.0,
montana,1917.0,1962.0,38.0,332.0,123.0,199.0,10.0,0.386,0.0,0.0,0.0,0.0,NA,-8.86,-4.6,0.0,0.0,
montana-state,1923.0,1947.0,17.0,140.0,65.0,66.0,9.0,0.496,1.0,0.0,0.0,1.0,0.5,-7.34,-6.98,0.0,2.0,
nashville,1904.0,1904.0,1.0,9.0,1.0,7.0,1.0,0.167,0.0,0.0,0.0,0.0,NA,-11.26,-0.71,0.0,0.0,
navy,1891.0,2016.0,123.0,1253.0,668.0,533.0,52.0,0.554,22.0,10.0,11.0,1.0,0.477,4.09,1.4,13.0,0.0,
nebraska,1900.0,2016.0,117.0,1239.0,854.0,347.0,38.0,0.705,53.0,26.0,27.0,0.0,0.491,10.98,3.66,48.0,43.0,record adjusted to 855-347-37 by NCAA
nevada,1946.0,2016.0,30.0,355.0,195.0,160.0,0.0,0.549,15.0,5.0,10.0,0.0,0.333,-3.65,-5.92,1.0,7.0,
nevada-las-vegas,1978.0,2016.0,39.0,454.0,170.0,281.0,3.0,0.378,4.0,3.0,1.0,0.0,0.75,-9.34,-4.03,0.0,1.0,record adjusted to 159-292-3 by NCAA
new-hampshire,1904.0,1905.0,2.0,15.0,4.0,9.0,2.0,0.333,0.0,0.0,0.0,0.0,NA,-11.44,-5.52,0.0,0.0,
new-mexico,1931.0,2016.0,85.0,925.0,392.0,516.0,17.0,0.433,12.0,4.0,7.0,1.0,0.375,-6.51,-4.08,0.0,4.0,
new-mexico-state,1931.0,2016.0,83.0,882.0,304.0,564.0,14.0,0.353,3.0,2.0,0.0,1.0,0.833,-13.1,-7.72,1.0,4.0,record adjusted to 305-563-14 by NCAA
new-york-university,1927.0,1952.0,24.0,205.0,97.0,99.0,9.0,0.495,0.0,0.0,0.0,0.0,NA,-4.24,-3.23,0.0,0.0,
newberry,1914.0,1925.0,11.0,86.0,34.0,48.0,4.0,0.419,0.0,0.0,0.0,0.0,NA,-9.95,-5.22,0.0,0.0,
norman-naval-air-station,1944.0,1944.0,1.0,6.0,6.0,0.0,0.0,1.0,0.0,0.0,0.0,0.0,NA,18.01,3.51,1.0,0.0,
north-carolina,1902.0,2016.0,113.0,1186.0,642.0,496.0,48.0,0.562,33.0,14.0,19.0,0.0,0.424,4.82,2.87,16.0,7.0,record adjusted to 626-496-48 by NCAA
north-carolina-pre-flight,1942.0,1943.0,2.0,18.0,10.0,6.0,2.0,0.611,0.0,0.0,0.0,0.0,NA,3.2,2.0,0.0,0.0,
north-carolina-state,1902.0,2016.0,111.0,1151.0,558.0,547.0,46.0,0.505,30.0,16.0,13.0,1.0,0.55,1.5,1.31,12.0,7.0,
north-texas,1953.0,2016.0,52.0,572.0,240.0,321.0,11.0,0.429,7.0,2.0,5.0,0.0,0.286,-8.17,-5.09,0.0,9.0,record adjusted to 243-318-11 by NCAA
northern-arizona,1931.0,1952.0,19.0,152.0,49.0,91.0,12.0,0.362,0.0,0.0,0.0,0.0,NA,-17.76,-11.75,0.0,0.0,
northern-colorado,1923.0,1937.0,15.0,115.0,51.0,57.0,7.0,0.474,0.0,0.0,0.0,0.0,NA,-10.73,-9.63,0.0,1.0,
northern-illinois,1968.0,2016.0,49.0,566.0,273.0,289.0,4.0,0.486,11.0,4.0,7.0,0.0,0.364,-8.49,-7.4,1.0,4.0,
northwestern,1892.0,2016.0,123.0,1207.0,516.0,651.0,40.0,0.444,13.0,3.0,10.0,0.0,0.231,2.83,5.45,10.0,8.0,record adjusted to 517-650-40 by NCAA
northwestern-state,1976.0,1979.0,4.0,41.0,19.0,22.0,0.0,0.463,0.0,0.0,0.0,0.0,NA,-12.36,-8.13,0.0,0.0,
notre-dame,1899.0,2016.0,110.0,1158.0,819.0,306.0,33.0,0.722,35.0,17.0,18.0,0.0,0.486,14.67,6.13,52.0,0.0,
oglethorpe,1919.0,1925.0,7.0,69.0,31.0,35.0,3.0,0.471,0.0,0.0,0.0,0.0,NA,-3.68,-1.98,0.0,0.0,
ohio,1962.0,2016.0,55.0,621.0,263.0,349.0,9.0,0.431,10.0,2.0,8.0,0.0,0.2,-9.35,-6.69,1.0,3.0,
ohio-state,1904.0,2016.0,105.0,1069.0,778.0,255.0,36.0,0.745,48.0,23.0,25.0,0.0,0.479,14.87,5.91,56.0,36.0,record adjusted to 766-254-36 by NCAA
oklahoma,1903.0,2016.0,108.0,1167.0,819.0,301.0,47.0,0.722,50.0,29.0,20.0,1.0,0.59,12.21,3.51,56.0,44.0,
oklahoma-state,1914.0,2016.0,103.0,1089.0,542.0,506.0,41.0,0.517,27.0,17.0,10.0,0.0,0.63,2.3,1.83,13.0,10.0,
old-dominion,2014.0,2016.0,3.0,37.0,21.0,16.0,0.0,0.568,1.0,1.0,0.0,0.0,1.0,-6.79,-5.67,0.0,0.0,
mississippi,1902.0,2016.0,111.0,1156.0,630.0,492.0,34.0,0.56,37.0,24.0,13.0,0.0,0.649,4.82,2.74,25.0,6.0,record adjusted to 634-488-34 by NCAA
oregon,1916.0,2016.0,99.0,1042.0,563.0,445.0,34.0,0.557,30.0,13.0,17.0,0.0,0.433,5.38,3.4,16.0,11.0,record adjusted to 564-444-34 by NCAA
oregon-state,1916.0,2016.0,99.0,1036.0,457.0,543.0,36.0,0.458,15.0,9.0,6.0,0.0,0.6,1.97,3.65,10.0,5.0,record adjusted to 459-541-36 by NCAA
pacific,1943.0,1995.0,47.0,498.0,209.0,280.0,9.0,0.429,2.0,1.0,1.0,0.0,0.5,-7.8,-5.74,1.0,0.0,record adjusted to 210-279-9 by NCAA
penn-state,1889.0,2016.0,123.0,1259.0,845.0,377.0,37.0,0.686,47.0,28.0,17.0,2.0,0.617,8.99,2.14,41.0,4.0,
pennsylvania,1876.0,1981.0,105.0,1027.0,618.0,369.0,40.0,0.621,1.0,0.0,1.0,0.0,0.0,3.31,-0.44,7.0,1.0,
phillips,1920.0,1921.0,2.0,19.0,7.0,8.0,4.0,0.474,0.0,0.0,0.0,0.0,NA,-6.92,-5.01,0.0,0.0,
pittsburgh,1905.0,2016.0,112.0,1168.0,663.0,468.0,37.0,0.583,33.0,13.0,20.0,0.0,0.394,7.37,4.25,19.0,2.0,record adjusted to 664-467-37 by NCAA
portland,1946.0,1947.0,2.0,19.0,3.0,15.0,1.0,0.184,0.0,0.0,0.0,0.0,NA,-21.01,-10.83,0.0,0.0,
prairie-view-am,1977.0,1977.0,1.0,11.0,3.0,8.0,0.0,0.273,0.0,0.0,0.0,0.0,NA,-19.35,-10.35,0.0,0.0,
presbyterian,1915.0,1945.0,16.0,127.0,58.0,63.0,6.0,0.48,0.0,0.0,0.0,0.0,NA,-5.56,-4.99,0.0,0.0,
princeton,1869.0,1981.0,109.0,918.0,637.0,233.0,48.0,0.72,0.0,0.0,0.0,0.0,NA,6.01,-1.32,4.0,5.0,
purdue,1892.0,2016.0,125.0,1188.0,590.0,550.0,48.0,0.517,17.0,9.0,8.0,0.0,0.529,5.62,4.51,17.0,8.0,record adjusted to 591-549-48 by NCAA
quantico-marines,1965.0,1965.0,1.0,10.0,6.0,4.0,0.0,0.6,0.0,0.0,0.0,0.0,NA,-6.22,-12.12,0.0,0.0,
randolph-field,1944.0,1944.0,1.0,12.0,12.0,0.0,0.0,1.0,0.0,0.0,0.0,0.0,NA,16.14,-5.11,1.0,0.0,
regis-co,1924.0,1930.0,3.0,25.0,9.0,16.0,0.0,0.36,0.0,0.0,0.0,0.0,NA,-12.84,-8.99,0.0,0.0,
rhodes,1939.0,1939.0,1.0,9.0,3.0,5.0,1.0,0.389,0.0,0.0,0.0,0.0,NA,-5.39,-2.5,0.0,0.0,
rice,1914.0,2016.0,103.0,1087.0,461.0,594.0,32.0,0.439,12.0,7.0,5.0,0.0,0.583,0.13,2.73,8.0,8.0,record adjusted to 462-593-32 by NCAA
richmond,1909.0,1983.0,58.0,566.0,233.0,305.0,27.0,0.436,2.0,1.0,1.0,0.0,0.5,-8.46,-6.07,0.0,4.0,
rutgers,1869.0,2016.0,102.0,954.0,473.0,459.0,22.0,0.507,10.0,6.0,4.0,0.0,0.6,-3.06,-3.14,4.0,1.0,record adjusted to 474-458-22 by NCAA
saint-louis,1907.0,1949.0,18.0,173.0,82.0,78.0,13.0,0.512,0.0,0.0,0.0,0.0,NA,-6.36,-6.99,0.0,0.0,
saint-marys-ca,1930.0,1950.0,20.0,182.0,101.0,70.0,11.0,0.585,3.0,1.0,2.0,0.0,0.333,2.63,0.03,1.0,0.0,
saint-marys-ca-pre-flight,1942.0,1944.0,3.0,26.0,13.0,11.0,2.0,0.538,0.0,0.0,0.0,0.0,NA,2.43,-1.77,1.0,0.0,
samford,1907.0,1924.0,11.0,95.0,27.0,57.0,11.0,0.342,0.0,0.0,0.0,0.0,NA,-8.87,-2.41,0.0,0.0,
san-diego-state,1969.0,2016.0,48.0,566.0,306.0,252.0,8.0,0.548,11.0,5.0,6.0,0.0,0.455,-0.06,-1.77,2.0,9.0,record adjusted to 307-251-8 by NCAA
san-francisco,1932.0,1951.0,18.0,163.0,77.0,76.0,10.0,0.503,0.0,0.0,0.0,0.0,NA,-0.9,-2.32,1.0,0.0,
san-jose-state,1950.0,2016.0,67.0,740.0,330.0,396.0,14.0,0.455,8.0,5.0,3.0,0.0,0.625,-5.43,-3.51,1.0,8.0,record adjusted to 331-395-14 by NCAA
santa-clara,1932.0,1952.0,18.0,163.0,98.0,54.0,11.0,0.635,3.0,3.0,0.0,0.0,1.0,6.34,2.58,6.0,0.0,
second-air-force,1944.0,1944.0,1.0,15.0,10.0,4.0,1.0,0.7,0.0,0.0,0.0,0.0,NA,12.44,-1.42,1.0,0.0,
sewanee,1902.0,1941.0,40.0,339.0,161.0,155.0,23.0,0.509,0.0,0.0,0.0,0.0,NA,0.46,0.18,0.0,0.0,
simpson,1902.0,1903.0,2.0,10.0,3.0,7.0,0.0,0.3,0.0,0.0,0.0,0.0,NA,-5.53,1.87,0.0,0.0,
southern-methodist,1916.0,2016.0,99.0,1062.0,479.0,529.0,54.0,0.476,15.0,7.0,7.0,1.0,0.5,2.05,2.79,11.0,10.0,record adjusted to 475-523-54 by NCAA
south-alabama,2012.0,2016.0,5.0,63.0,25.0,38.0,0.0,0.397,2.0,0.0,2.0,0.0,0.0,-8.49,-4.79,0.0,0.0,
south-carolina,1903.0,2016.0,109.0,1136.0,559.0,536.0,41.0,0.51,21.0,8.0,13.0,0.0,0.381,2.05,1.65,9.0,1.0,record adjusted to 560-535-41 by NCAA
south-florida,2e3,2016.0,17.0,206.0,116.0,90.0,0.0,0.563,8.0,5.0,3.0,0.0,0.625,0.51,-1.95,1.0,0.0,
southern,1977.0,1977.0,1.0,11.0,3.0,7.0,1.0,0.318,0.0,0.0,0.0,0.0,NA,-15.39,-9.12,0.0,0.0,
southern-illinois,1972.0,1985.0,14.0,156.0,68.0,85.0,3.0,0.446,0.0,0.0,0.0,0.0,NA,-11.97,-9.54,0.0,0.0,
southern-mississippi,1963.0,2016.0,54.0,620.0,343.0,271.0,6.0,0.558,20.0,11.0,9.0,0.0,0.55,0.57,-1.57,3.0,5.0,record adjusted to 346-268-6 by NCAA
southwestern-tx,1910.0,1921.0,12.0,78.0,23.0,49.0,6.0,0.333,0.0,0.0,0.0,0.0,NA,-7.04,-1.44,0.0,0.0,
spring-hill,1919.0,1922.0,3.0,23.0,11.0,11.0,1.0,0.5,0.0,0.0,0.0,0.0,NA,-3.17,-2.11,0.0,0.0,
springfield,1891.0,1892.0,2.0,21.0,9.0,11.0,1.0,0.452,0.0,0.0,0.0,0.0,NA,-0.79,0.43,0.0,0.0,
stanford,1918.0,2016.0,96.0,1028.0,561.0,433.0,34.0,0.562,27.0,14.0,12.0,1.0,0.537,6.91,4.96,19.0,14.0,
stevens,1872.0,1891.0,19.0,123.0,36.0,74.0,13.0,0.346,0.0,0.0,0.0,0.0,NA,-4.24,-0.35,0.0,0.0,
swarthmore,1888.0,1912.0,8.0,65.0,40.0,24.0,1.0,0.623,0.0,0.0,0.0,0.0,NA,3.32,-1.34,0.0,0.0,
syracuse,1899.0,2016.0,115.0,1180.0,660.0,479.0,41.0,0.577,25.0,15.0,9.0,1.0,0.62,4.34,1.24,15.0,5.0,record adjusted to 649-479-41 by NCAA
tampa,1966.0,1974.0,7.0,73.0,43.0,30.0,0.0,0.589,1.0,1.0,0.0,0.0,1.0,-3.53,-7.13,0.0,0.0,
temple,1930.0,2016.0,69.0,728.0,307.0,395.0,26.0,0.44,6.0,2.0,4.0,0.0,0.333,-2.91,-0.84,1.0,1.0,record adjusted to 302-400-26 by NCAA
tennessee,1902.0,2016.0,112.0,1212.0,804.0,357.0,51.0,0.684,52.0,28.0,24.0,0.0,0.538,10.31,3.52,44.0,13.0,record adjusted to 805-357-50 by NCAA
tennessee-medical-college,1904.0,1904.0,1.0,6.0,2.0,4.0,0.0,0.333,0.0,0.0,0.0,0.0,NA,-13.94,-2.6,0.0,0.0,
tennessee-state,1977.0,1977.0,1.0,10.0,8.0,1.0,1.0,0.85,0.0,0.0,0.0,0.0,NA,3.58,-8.72,0.0,0.0,
texas,1902.0,2016.0,115.0,1222.0,840.0,350.0,32.0,0.7,53.0,27.0,24.0,2.0,0.528,11.87,4.06,46.0,30.0,record adjusted to 841-350-31 by NCAA
texas-am,1903.0,2016.0,114.0,1205.0,703.0,458.0,44.0,0.602,38.0,17.0,21.0,0.0,0.447,7.84,3.22,26.0,18.0,
texas-christian,1903.0,2016.0,111.0,1180.0,612.0,518.0,50.0,0.54,32.0,15.0,16.0,1.0,0.484,2.58,1.67,19.0,17.0,record adjusted to 612-517-50 by NCAA
texas-southern,1977.0,1977.0,1.0,11.0,6.0,4.0,1.0,0.591,0.0,0.0,0.0,0.0,NA,-5.98,-9.98,0.0,0.0,
texas-state,2012.0,2016.0,5.0,60.0,22.0,38.0,0.0,0.367,0.0,0.0,0.0,0.0,NA,-11.62,-6.05,0.0,0.0,
texas-tech,1932.0,2016.0,85.0,959.0,525.0,410.0,24.0,0.56,37.0,14.0,22.0,1.0,0.392,4.03,1.88,11.0,11.0,
texas-arlington,1971.0,1981.0,11.0,120.0,49.0,71.0,0.0,0.408,0.0,0.0,0.0,0.0,NA,-9.71,-6.19,0.0,1.0,
toledo,1962.0,2016.0,55.0,627.0,365.0,254.0,8.0,0.589,16.0,10.0,6.0,0.0,0.625,-4.69,-7.42,4.0,10.0,record adjusted to 367-252-8 by NCAA
trinity-ct,1887.0,1901.0,15.0,126.0,50.0,62.0,14.0,0.452,0.0,0.0,0.0,0.0,NA,-4.52,-2.66,0.0,0.0,
troy,2001.0,2016.0,16.0,195.0,100.0,95.0,0.0,0.513,6.0,3.0,3.0,0.0,0.5,-4.95,-5.22,0.0,5.0,
tufts,1877.0,1905.0,17.0,178.0,70.0,103.0,5.0,0.407,0.0,0.0,0.0,0.0,NA,-6.22,-2.65,0.0,0.0,
tulane,1902.0,2016.0,112.0,1136.0,490.0,611.0,35.0,0.447,11.0,4.0,7.0,0.0,0.364,0.29,1.94,7.0,4.0,record adjusted to 491-610-35 by NCAA
tulsa,1917.0,2016.0,85.0,928.0,480.0,430.0,18.0,0.527,21.0,10.0,11.0,0.0,0.476,-1.31,-2.35,8.0,27.0,
alabama-birmingham,1996.0,2014.0,19.0,221.0,86.0,135.0,0.0,0.389,1.0,0.0,1.0,0.0,0.0,-7.58,-3.79,0.0,0.0,
central-florida,1996.0,2016.0,21.0,256.0,133.0,123.0,0.0,0.52,8.0,3.0,5.0,0.0,0.375,-2.73,-4.1,2.0,4.0,
ucla,1928.0,2016.0,89.0,973.0,574.0,368.0,31.0,0.606,35.0,16.0,18.0,1.0,0.471,9.53,5.83,32.0,16.0,record adjusted to 567-375-31 by NCAA
union-ny,1894.0,1902.0,3.0,18.0,3.0,15.0,0.0,0.167,0.0,0.0,0.0,0.0,NA,-10.45,3.85,0.0,0.0,
southern-california,1922.0,2016.0,95.0,1074.0,739.0,295.0,40.0,0.707,53.0,35.0,18.0,0.0,0.66,14.31,6.47,48.0,37.0,record adjusted to 725-295-40 by NCAA
utah,1905.0,2016.0,110.0,1090.0,630.0,430.0,30.0,0.592,20.0,16.0,4.0,0.0,0.8,1.98,-2.01,8.0,24.0,
utah-state,1912.0,2016.0,102.0,1023.0,490.0,505.0,28.0,0.493,10.0,4.0,6.0,0.0,0.4,-4.98,-4.92,2.0,12.0,record adjusted to 492-503-28 by NCAA
texas-el-paso,1935.0,2016.0,79.0,862.0,324.0,520.0,18.0,0.386,14.0,5.0,9.0,0.0,0.357,-8.89,-4.94,0.0,2.0,
texas-san-antonio,2012.0,2016.0,5.0,61.0,28.0,33.0,0.0,0.459,1.0,0.0,1.0,0.0,0.0,-7.46,-5.16,0.0,0.0,
vanderbilt,1902.0,2016.0,113.0,1159.0,533.0,583.0,43.0,0.478,8.0,4.0,3.0,1.0,0.563,3.88,3.5,3.0,0.0,record adjusted to 534-582-43 by NCAA
vermont,1901.0,1905.0,5.0,48.0,21.0,22.0,5.0,0.49,0.0,0.0,0.0,0.0,NA,-3.55,-1.61,0.0,0.0,
villanova,1905.0,1980.0,59.0,547.0,270.0,260.0,17.0,0.509,5.0,2.0,2.0,1.0,0.5,-2.26,-3.09,3.0,0.0,
virginia,1890.0,2016.0,113.0,1166.0,562.0,567.0,37.0,0.498,18.0,7.0,11.0,0.0,0.389,0.87,0.48,9.0,2.0,
virginia-military-institute,1904.0,1981.0,70.0,684.0,306.0,344.0,34.0,0.472,0.0,0.0,0.0,0.0,NA,-5.32,-4.07,1.0,7.0,
virginia-tech,1902.0,2016.0,113.0,1182.0,693.0,445.0,44.0,0.605,30.0,13.0,17.0,0.0,0.433,3.2,-1.09,19.0,8.0,record adjusted to 694-444-44 by NCAA
wabash,1904.0,1905.0,2.0,17.0,8.0,9.0,0.0,0.471,0.0,0.0,0.0,0.0,NA,3.1,0.32,0.0,0.0,
wake-forest,1908.0,2016.0,109.0,1107.0,432.0,644.0,31.0,0.404,11.0,7.0,4.0,0.0,0.636,-2.82,0.76,4.0,2.0,
washburn,1905.0,1940.0,7.0,68.0,29.0,38.0,1.0,0.434,0.0,0.0,0.0,0.0,NA,-11.77,-8.8,0.0,0.0,
washington,1916.0,2016.0,100.0,1055.0,609.0,414.0,32.0,0.592,35.0,17.0,17.0,1.0,0.5,8.03,4.49,23.0,18.0,record adjusted to 612-411-32 by NCAA
washington-jefferson,1905.0,1934.0,30.0,288.0,196.0,71.0,21.0,0.717,1.0,0.0,0.0,1.0,0.5,4.76,-2.83,0.0,0.0,
washington-lee,1907.0,1953.0,44.0,390.0,191.0,174.0,25.0,0.522,1.0,0.0,1.0,0.0,0.0,-0.76,-1.91,1.0,2.0,
washington-mo,1902.0,1942.0,40.0,331.0,147.0,165.0,19.0,0.473,0.0,0.0,0.0,0.0,NA,-5.21,-4.3,0.0,3.0,
washington-state,1917.0,2016.0,97.0,1005.0,453.0,514.0,38.0,0.47,12.0,6.0,6.0,0.0,0.5,2.45,3.39,11.0,4.0,record adjusted to 455-512-38 by NCAA
wesleyan-ct,1882.0,1905.0,24.0,217.0,92.0,118.0,7.0,0.44,0.0,0.0,0.0,0.0,NA,0.37,3.72,0.0,0.0,
west-texas-am,1941.0,1985.0,44.0,446.0,212.0,225.0,9.0,0.485,4.0,4.0,0.0,0.0,1.0,-8.65,-8.69,0.0,4.0,
west-virginia,1909.0,2016.0,104.0,1116.0,647.0,428.0,41.0,0.598,35.0,15.0,20.0,0.0,0.429,3.94,0.31,19.0,15.0,
west-virginia-wesleyan,1913.0,1916.0,4.0,33.0,16.0,16.0,1.0,0.5,0.0,0.0,0.0,0.0,NA,-1.55,-1.37,0.0,0.0,
western-carolina,1977.0,1981.0,5.0,55.0,25.0,28.0,2.0,0.473,0.0,0.0,0.0,0.0,NA,-8.0,-8.33,0.0,0.0,
western-kentucky,2007.0,2016.0,10.0,126.0,64.0,62.0,0.0,0.508,4.0,3.0,1.0,0.0,0.75,-4.28,-5.15,1.0,2.0,
western-michigan,1962.0,2016.0,55.0,612.0,317.0,288.0,7.0,0.524,7.0,1.0,6.0,0.0,0.143,-6.89,-7.74,1.0,2.0,record adjusted to 318-287-7 by NCAA
western-state,1924.0,1937.0,14.0,95.0,19.0,76.0,0.0,0.2,0.0,0.0,0.0,0.0,NA,-20.15,-8.96,0.0,0.0,
whitman,1923.0,1924.0,2.0,12.0,2.0,10.0,0.0,0.167,0.0,0.0,0.0,0.0,NA,-13.95,1.72,0.0,0.0,
wichita-state,1945.0,1986.0,42.0,433.0,167.0,254.0,12.0,0.4,3.0,0.0,3.0,0.0,0.0,-10.37,-6.4,0.0,5.0,record adjusted to 168-253-12 by NCAA
william-mary,1922.0,1983.0,55.0,559.0,260.0,279.0,20.0,0.483,3.0,1.0,2.0,0.0,0.333,-4.63,-4.51,3.0,4.0,
williams,1886.0,1906.0,21.0,211.0,107.0,90.0,14.0,0.54,0.0,0.0,0.0,0.0,NA,1.15,0.03,0.0,0.0,
wisconsin,1892.0,2016.0,125.0,1215.0,679.0,484.0,52.0,0.58,28.0,14.0,14.0,0.0,0.5,8.06,4.76,24.0,14.0,record adjusted to 680-483-52 by NCAA
wofford,1914.0,1936.0,15.0,128.0,36.0,88.0,4.0,0.297,0.0,0.0,0.0,0.0,NA,-13.04,-5.23,0.0,0.0,
wpi,1888.0,1893.0,2.0,11.0,3.0,7.0,1.0,0.318,0.0,0.0,0.0,0.0,NA,-12.11,-1.48,0.0,0.0,
wyoming,1905.0,2016.0,105.0,1068.0,493.0,549.0,26.0,0.474,14.0,6.0,8.0,0.0,0.429,-4.68,-3.16,4.0,14.0,record adjusted to 494-548-26 by NCAA
xavier,1935.0,1973.0,16.0,160.0,70.0,86.0,4.0,0.45,0.0,0.0,0.0,0.0,NA,-11.6,-8.18,0.0,0.0,
yale,1872.0,1981.0,108.0,973.0,718.0,203.0,52.0,0.765,0.0,0.0,0.0,0.0,NA,7.85,-1.11,4.0,11.0,
